{"entity.minecart.inside":{"sounds":[{"name":"minecart\/inside","volume":0.05}],"replace":true},"entity.minecart.inside.underwater":{"sounds":[{"name":"minecart\/inside_underwater1","volume":0.05},{"name":"minecart\/inside_underwater2","volume":0.05},{"name":"minecart\/inside_underwater3","volume":0.05}],"replace":true},"entity.minecart.riding":{"sounds":[{"name":"minecart\/base","volume":0.05}],"replace":true,"subtitle":"subtitles.entity.minecart.riding"},"entity.sheep.ambient":{"sounds":[{"name":"mob\/sheep\/say1","volume":0.05},{"name":"mob\/sheep\/say2","volume":0.05},{"name":"mob\/sheep\/say3","volume":0.05}],"replace":true,"subtitle":"subtitles.entity.sheep.ambient"},"entity.sheep.death":{"sounds":["mob\/sheep\/say1","mob\/sheep\/say2","mob\/sheep\/say3"],"subtitle":"subtitles.entity.sheep.death"},"entity.sheep.hurt":{"sounds":[{"name":"mob\/sheep\/say1","volume":0.05},{"name":"mob\/sheep\/say2","volume":0.05},{"name":"mob\/sheep\/say3","volume":0.05}],"replace":true,"subtitle":"subtitles.entity.sheep.hurt"},"entity.sheep.shear":{"sounds":[{"name":"mob\/sheep\/shear","volume":0.05}],"replace":true,"subtitle":"subtitles.item.shears.shear"},"entity.sheep.step":{"sounds":[{"name":"mob\/sheep\/step1","volume":0.05},{"name":"mob\/sheep\/step2","volume":0.05},{"name":"mob\/sheep\/step3","volume":0.05},{"name":"mob\/sheep\/step4","volume":0.05},{"name":"mob\/sheep\/step5","volume":0.05}],"replace":true,"subtitle":"subtitles.block.generic.footsteps"},"entity.cat.ambient":{"sounds":[{"name":"mob\/cat\/meow1","volume":0.03},{"name":"mob\/cat\/meow2","volume":0.025},{"name":"mob\/cat\/meow3","volume":0.03},{"name":"mob\/cat\/meow4","volume":0.025}],"replace":true,"subtitle":"subtitles.entity.cat.ambient"},"entity.cat.beg_for_food":{"sounds":[{"name":"mob\/cat\/beg1","volume":0.035},{"name":"mob\/cat\/beg2","volume":0.035},{"name":"mob\/cat\/beg3","volume":0.035}],"replace":true,"subtitle":"subtitles.entity.cat.beg_for_food"},"entity.cat.death":{"sounds":[{"name":"mob\/cat\/hitt1","pitch":0.9,"volume":0.0375},{"name":"mob\/cat\/hitt2","pitch":0.9,"volume":0.0375},{"name":"mob\/cat\/hitt3","pitch":0.9,"volume":0.0375}],"replace":true,"subtitle":"subtitles.entity.cat.death"},"entity.cat.eat":{"sounds":[{"name":"mob\/cat\/eat1","volume":0.05},{"name":"mob\/cat\/eat2","volume":0.05}],"replace":true,"subtitle":"subtitles.entity.cat.eat"},"entity.cat.hiss":{"sounds":[{"name":"mob\/cat\/hiss1","volume":0.02},{"name":"mob\/cat\/hiss2","volume":0.02},{"name":"mob\/cat\/hiss3","volume":0.02}],"replace":true,"subtitle":"subtitles.entity.cat.hiss"},"entity.cat.hurt":{"sounds":[{"name":"mob\/cat\/hitt1","volume":0.0325},{"name":"mob\/cat\/hitt2","volume":0.0325},{"name":"mob\/cat\/hitt3","volume":0.0325}],"replace":true,"subtitle":"subtitles.entity.cat.hurt"},"entity.cat.purr":{"sounds":[{"name":"mob\/cat\/purr1","volume":0.035},{"name":"mob\/cat\/purr2","volume":0.035},{"name":"mob\/cat\/purr3","volume":0.035}],"replace":true,"subtitle":"subtitles.entity.cat.purr"},"entity.cat.purreow":{"sounds":[{"name":"mob\/cat\/purreow1","volume":0.025},{"name":"mob\/cat\/purreow2","volume":0.025}],"replace":true,"subtitle":"subtitles.entity.cat.ambient"},"entity.cat.stray_ambient":{"sounds":[{"name":"mob\/cat\/stray\/idle1","volume":0.0175},{"name":"mob\/cat\/stray\/idle2","volume":0.0175},{"name":"mob\/cat\/stray\/idle3","volume":0.0175},{"name":"mob\/cat\/stray\/idle4","volume":0.0175}],"replace":true,"subtitle":"subtitles.entity.cat.ambient"},"entity.cow.ambient":{"sounds":[{"name":"mob\/cow\/say1","volume":0.05},{"name":"mob\/cow\/say2","volume":0.05},{"name":"mob\/cow\/say3","volume":0.05},{"name":"mob\/cow\/say4","volume":0.05}],"replace":true,"subtitle":"subtitles.entity.cow.ambient"},"entity.cow.death":{"sounds":[{"name":"mob\/cow\/hurt1","volume":0.05},{"name":"mob\/cow\/hurt2","volume":0.05},{"name":"mob\/cow\/hurt3","volume":0.05}],"replace":true,"subtitle":"subtitles.entity.cow.death"},"entity.cow.hurt":{"sounds":[{"name":"mob\/cow\/hurt1","volume":0.05},{"name":"mob\/cow\/hurt2","volume":0.05},{"name":"mob\/cow\/hurt3","volume":0.05}],"replace":true,"subtitle":"subtitles.entity.cow.hurt"},"entity.cow.milk":{"sounds":[{"name":"mob\/cow\/milk1","volume":0.05},{"name":"mob\/cow\/milk2","volume":0.05},{"name":"mob\/cow\/milk3","volume":0.05}],"replace":true,"subtitle":"subtitles.entity.cow.milk"},"entity.cow.step":{"sounds":[{"name":"mob\/cow\/step1","volume":0.05},{"name":"mob\/cow\/step2","volume":0.05},{"name":"mob\/cow\/step3","volume":0.05},{"name":"mob\/cow\/step4","volume":0.05}],"replace":true,"subtitle":"subtitles.block.generic.footsteps"},"entity.chicken.ambient":{"sounds":[{"name":"mob\/chicken\/say1","volume":0.05},{"name":"mob\/chicken\/say2","volume":0.05},{"name":"mob\/chicken\/say3","volume":0.05}],"replace":true,"subtitle":"subtitles.entity.chicken.ambient"},"entity.chicken.death":{"sounds":[{"name":"mob\/chicken\/hurt1","volume":0.05},{"name":"mob\/chicken\/hurt2","volume":0.05}],"replace":true,"subtitle":"subtitles.entity.chicken.death"},"entity.chicken.egg":{"sounds":[{"name":"mob\/chicken\/plop","volume":0.05}],"replace":true,"subtitle":"subtitles.entity.chicken.egg"},"entity.chicken.hurt":{"sounds":[{"name":"mob\/chicken\/hurt1","volume":0.05},{"name":"mob\/chicken\/hurt2","volume":0.05}],"replace":true,"subtitle":"subtitles.entity.chicken.hurt"},"entity.chicken.step":{"sounds":[{"name":"mob\/chicken\/step1","volume":0.05},{"name":"mob\/chicken\/step2","volume":0.05}],"replace":true,"subtitle":"subtitles.block.generic.footsteps"}}